Image_Name,Labels,status
Aditya_Narayan_Image.png,"Face (99.99998474121094), Head (99.99998474121094), Person (99.99998474121094), Photography (99.99998474121094), Portrait (99.99998474121094), Clothing (99.85433959960938), Shirt (99.85433959960938), Adult (99.57270812988281), Male (99.57270812988281), Man (99.57270812988281), Body Part (99.43224334716797), Neck (99.43224334716797), Happy (88.41863250732422), Smile (88.41863250732422), Mustache (57.509700775146484), Selfie (57.38786315917969), Beard (56.40644836425781), Hair (55.30327606201172)",approved
Aditya_Narayan_Image.png,"Face (99.99998474121094), Head (99.99998474121094), Person (99.99998474121094), Photography (99.99998474121094), Portrait (99.99998474121094), Clothing (99.85433959960938), Shirt (99.85433959960938), Adult (99.57270812988281), Male (99.57270812988281), Man (99.57270812988281), Body Part (99.43224334716797), Neck (99.43224334716797), Happy (88.41863250732422), Smile (88.41863250732422), Mustache (57.509700775146484), Selfie (57.38786315917969), Beard (56.40644836425781), Hair (55.30327606201172)",approved
